-- World map rollout: 184-280 Three Kingdoms geography

UPDATE users SET player_map_id = 'xuchang', player_x = 8, player_y = 8
WHERE player_map_id IN ('village', 'forest');

ALTER TABLE users ALTER COLUMN player_map_id SET DEFAULT 'xuchang';

INSERT INTO hospitals (id, map_id, name, npc_grid_x, npc_grid_y, respawn_x, respawn_y) VALUES
    ('hospital_luoyang', 'luoyang', '太醫署', 6, 10, 6, 11),
    ('hospital_xuchang', 'xuchang', '許縣醫廬', 8, 8, 8, 9),
    ('hospital_changan', 'changan', '長安醫館', 6, 10, 6, 11),
    ('hospital_yingchuan', 'yingchuan', '潁川醫館', 8, 8, 8, 9),
    ('hospital_chenliu', 'chenliu', '陳留醫館', 8, 8, 8, 9),
    ('hospital_ye', 'ye', '鄴城醫館', 8, 8, 8, 9),
    ('hospital_wancheng', 'wancheng', '宛城醫館', 8, 8, 8, 9),
    ('hospital_xiangyang', 'xiangyang', '襄陽醫館', 8, 8, 8, 9),
    ('hospital_jiangling', 'jiangling', '江陵醫館', 8, 8, 8, 9),
    ('hospital_jiankang', 'jiankang', '建業醫館', 6, 10, 6, 11),
    ('hospital_chengdu', 'chengdu', '成都醫館', 6, 10, 6, 11),
    ('hospital_jinyang', 'jinyang', '晉陽醫館', 8, 8, 8, 9),
    ('hospital_panyu', 'panyu', '番禺醫館', 8, 8, 8, 9);

INSERT INTO npcs (id, map_id, grid_x, grid_y, name, sprite_key, root_node_key, role) VALUES
    ('hospital_luoyang', 'luoyang', 6, 10, '太醫署', 'healer', 'root', 'hospital'),
    ('hospital_xuchang', 'xuchang', 8, 8, '許縣醫廬', 'healer', 'root', 'hospital'),
    ('hospital_changan', 'changan', 6, 10, '長安醫館', 'healer', 'root', 'hospital'),
    ('hospital_yingchuan', 'yingchuan', 8, 8, '潁川醫館', 'healer', 'root', 'hospital'),
    ('hospital_chenliu', 'chenliu', 8, 8, '陳留醫館', 'healer', 'root', 'hospital'),
    ('hospital_ye', 'ye', 8, 8, '鄴城醫館', 'healer', 'root', 'hospital'),
    ('hospital_wancheng', 'wancheng', 8, 8, '宛城醫館', 'healer', 'root', 'hospital'),
    ('hospital_xiangyang', 'xiangyang', 8, 8, '襄陽醫館', 'healer', 'root', 'hospital'),
    ('hospital_jiangling', 'jiangling', 8, 8, '江陵醫館', 'healer', 'root', 'hospital'),
    ('hospital_jiankang', 'jiankang', 6, 10, '建業醫館', 'healer', 'root', 'hospital'),
    ('hospital_chengdu', 'chengdu', 6, 10, '成都醫館', 'healer', 'root', 'hospital'),
    ('hospital_jinyang', 'jinyang', 8, 8, '晉陽醫館', 'healer', 'root', 'hospital'),
    ('hospital_panyu', 'panyu', 8, 8, '番禺醫館', 'healer', 'root', 'hospital');

INSERT INTO npcs (id, map_id, grid_x, grid_y, name, sprite_key, root_node_key, role) VALUES
    ('xuchang_elder', 'xuchang', 12, 10, '鄉老', 'elder', 'root', 'default'),
    ('yingchuan_scout', 'yingchuan_suburb', 10, 6, '斥候', 'merchant', 'root', 'default');

UPDATE quests SET giver_npc_id = 'xuchang_elder' WHERE giver_npc_id = 'village_elder';
UPDATE quests SET giver_npc_id = 'yingchuan_scout' WHERE giver_npc_id = 'forest_merchant';
UPDATE shop_items SET npc_id = 'yingchuan_scout' WHERE npc_id = 'forest_merchant';
UPDATE shop_items SET npc_id = 'xuchang_elder' WHERE npc_id = 'village_elder';

DELETE FROM dialogue_nodes WHERE npc_id IN (
    'village_elder', 'forest_merchant', 'village_healer', 'forest_healer'
);
DELETE FROM npcs WHERE id IN (
    'village_elder', 'forest_merchant', 'village_healer', 'forest_healer'
);
DELETE FROM hospitals WHERE id IN ('village_hospital', 'forest_hospital');

INSERT INTO dialogue_nodes (npc_id, node_key, text, choices_json) VALUES
    ('hospital_luoyang', 'root', '歡迎來到太醫署。受傷的旅人與夥伴都可以在這裡休養。', '[{"text":"治療夥伴","action":"hospital_revive"},{"text":"離開","nextKey":null}]'),
    ('hospital_xuchang', 'root', '歡迎來到許縣醫廬。受傷的旅人與夥伴都可以在這裡休養。', '[{"text":"治療夥伴","action":"hospital_revive"},{"text":"離開","nextKey":null}]'),
    ('hospital_changan', 'root', '歡迎來到長安醫館。受傷的旅人與夥伴都可以在這裡休養。', '[{"text":"治療夥伴","action":"hospital_revive"},{"text":"離開","nextKey":null}]'),
    ('hospital_yingchuan', 'root', '歡迎來到潁川醫館。受傷的旅人與夥伴都可以在這裡休養。', '[{"text":"治療夥伴","action":"hospital_revive"},{"text":"離開","nextKey":null}]'),
    ('hospital_chenliu', 'root', '歡迎來到陳留醫館。受傷的旅人與夥伴都可以在這裡休養。', '[{"text":"治療夥伴","action":"hospital_revive"},{"text":"離開","nextKey":null}]'),
    ('hospital_ye', 'root', '歡迎來到鄴城醫館。受傷的旅人與夥伴都可以在這裡休養。', '[{"text":"治療夥伴","action":"hospital_revive"},{"text":"離開","nextKey":null}]'),
    ('hospital_wancheng', 'root', '歡迎來到宛城醫館。受傷的旅人與夥伴都可以在這裡休養。', '[{"text":"治療夥伴","action":"hospital_revive"},{"text":"離開","nextKey":null}]'),
    ('hospital_xiangyang', 'root', '歡迎來到襄陽醫館。受傷的旅人與夥伴都可以在這裡休養。', '[{"text":"治療夥伴","action":"hospital_revive"},{"text":"離開","nextKey":null}]'),
    ('hospital_jiangling', 'root', '歡迎來到江陵醫館。受傷的旅人與夥伴都可以在這裡休養。', '[{"text":"治療夥伴","action":"hospital_revive"},{"text":"離開","nextKey":null}]'),
    ('hospital_jiankang', 'root', '歡迎來到建業醫館。受傷的旅人與夥伴都可以在這裡休養。', '[{"text":"治療夥伴","action":"hospital_revive"},{"text":"離開","nextKey":null}]'),
    ('hospital_chengdu', 'root', '歡迎來到成都醫館。受傷的旅人與夥伴都可以在這裡休養。', '[{"text":"治療夥伴","action":"hospital_revive"},{"text":"離開","nextKey":null}]'),
    ('hospital_jinyang', 'root', '歡迎來到晉陽醫館。受傷的旅人與夥伴都可以在這裡休養。', '[{"text":"治療夥伴","action":"hospital_revive"},{"text":"離開","nextKey":null}]'),
    ('hospital_panyu', 'root', '歡迎來到番禺醫館。受傷的旅人與夥伴都可以在這裡休養。', '[{"text":"治療夥伴","action":"hospital_revive"},{"text":"離開","nextKey":null}]');

INSERT INTO dialogue_nodes (npc_id, node_key, text, choices_json) VALUES
    ('xuchang_elder', 'root',
     '許縣近来不太平靜，黃巾賊在潁川一帶蠢動。旅人，需要幫忙嗎？',
     '[{"text":"我想接任務","nextKey":"quest_offer"},{"text":"再見","nextKey":null}]'),
    ('xuchang_elder', 'quest_offer',
     '潁川郊野有野狼出沒，能幫忙清除三隻嗎？',
     '[{"text":"接受任務（初試身手）","nextKey":"quest_accepted","questAccept":1},{"text":"暫時不需要","nextKey":"root"}]'),
    ('xuchang_elder', 'quest_accepted',
     '請前往潁川郊野，小心行事。',
     '[{"text":"好的，出發","nextKey":null}]'),
    ('xuchang_elder', 'quest_already',
     '你已接下任務，加油！',
     '[{"text":"明白了","nextKey":null}]'),
    ('xuchang_elder', 'quest_complete',
     '做得好！這是你的報酬。',
     '[{"text":"領取報酬","nextKey":null,"questComplete":1}]'),
    ('yingchuan_scout', 'root',
     '潁川方向傳來黃巾旗號，這裡需要更多補給。',
     '[{"text":"我想接任務","nextKey":"quest_offer"},{"text":"看看商品","action":"open_shop"},{"text":"離開","nextKey":null}]'),
    ('yingchuan_scout', 'quest_offer',
     '賊營中有黑霧精靈出沒，能幫忙消滅兩隻嗎？',
     '[{"text":"接受任務（黑霧調查）","nextKey":"quest_accepted","questAccept":2},{"text":"暫時不需要","nextKey":"root"}]'),
    ('yingchuan_scout', 'quest_accepted',
     '賊營在潁川城北，請小心。',
     '[{"text":"出發","nextKey":null}]'),
    ('yingchuan_scout', 'quest_already',
     '任務尚未完成，加油。',
     '[{"text":"明白","nextKey":null}]'),
    ('yingchuan_scout', 'quest_complete',
     '辛苦了，這是酬勞。',
     '[{"text":"領取報酬","nextKey":null,"questComplete":2}]');

DELETE FROM monster_template_spawn_maps WHERE map_id IN ('village', 'forest');

INSERT INTO monster_template_spawn_maps (template_id, map_id) VALUES
    ('wild_wolf', 'badong'),
    ('shadow_wisp', 'badong'),
    ('wild_wolf', 'battlefield_chibi'),
    ('shadow_wisp', 'battlefield_chibi'),
    ('wild_wolf', 'battlefield_guandu'),
    ('shadow_wisp', 'battlefield_guandu'),
    ('wild_wolf', 'battlefield_hanzhong'),
    ('shadow_wisp', 'battlefield_hanzhong'),
    ('wild_wolf', 'battlefield_hefei'),
    ('shadow_wisp', 'battlefield_hefei'),
    ('wild_wolf', 'battlefield_jieting'),
    ('shadow_wisp', 'battlefield_jieting'),
    ('wild_wolf', 'battlefield_xiangfan'),
    ('shadow_wisp', 'battlefield_xiangfan'),
    ('wild_wolf', 'battlefield_yiling'),
    ('shadow_wisp', 'battlefield_yiling'),
    ('wild_wolf', 'bing_wild'),
    ('shadow_wisp', 'bing_wild'),
    ('wild_wolf', 'guangzong'),
    ('shadow_wisp', 'guangzong'),
    ('wild_wolf', 'hangu_pass'),
    ('shadow_wisp', 'hangu_pass'),
    ('wild_wolf', 'ji_wild'),
    ('wild_wolf', 'jianmen_pass'),
    ('shadow_wisp', 'jianmen_pass'),
    ('wild_wolf', 'jiao_wild'),
    ('shadow_wisp', 'jiao_wild'),
    ('wild_wolf', 'jing_wild'),
    ('wild_wolf', 'jingxing_pass'),
    ('shadow_wisp', 'jingxing_pass'),
    ('wild_wolf', 'liang_wild'),
    ('shadow_wisp', 'liang_wild'),
    ('wild_wolf', 'qing_wild'),
    ('wild_wolf', 'rebel_camp_julu'),
    ('shadow_wisp', 'rebel_camp_julu'),
    ('wild_wolf', 'rebel_camp_nanyang'),
    ('shadow_wisp', 'rebel_camp_nanyang'),
    ('wild_wolf', 'rebel_camp_yingchuan'),
    ('shadow_wisp', 'rebel_camp_yingchuan'),
    ('wild_wolf', 'ren'),
    ('shadow_wisp', 'ren'),
    ('wild_wolf', 'road_anping_changli'),
    ('wild_wolf', 'road_badong_yongan'),
    ('shadow_wisp', 'road_badong_yongan'),
    ('wild_wolf', 'road_beihai_donghai'),
    ('wild_wolf', 'road_chaisang_jiangxia'),
    ('wild_wolf', 'road_chaisang_jiankang'),
    ('wild_wolf', 'road_changan_hanzhong'),
    ('shadow_wisp', 'road_changan_hanzhong'),
    ('wild_wolf', 'road_changan_tianshui'),
    ('shadow_wisp', 'road_changan_tianshui'),
    ('wild_wolf', 'road_changan_wu'),
    ('shadow_wisp', 'road_changan_wu'),
    ('wild_wolf', 'road_changli_liaodong'),
    ('shadow_wisp', 'road_changli_liaodong'),
    ('wild_wolf', 'road_changsha_gui'),
    ('wild_wolf', 'road_changsha_ling'),
    ('wild_wolf', 'road_changsha_panyu'),
    ('shadow_wisp', 'road_changsha_panyu'),
    ('wild_wolf', 'road_changshan_zhending'),
    ('wild_wolf', 'road_chengdu_jianmen'),
    ('shadow_wisp', 'road_chengdu_jianmen'),
    ('wild_wolf', 'road_chengdu_jianning'),
    ('shadow_wisp', 'road_chengdu_jianning'),
    ('wild_wolf', 'road_chengdu_mianzhu'),
    ('wild_wolf', 'road_chenliu_dongjun'),
    ('wild_wolf', 'road_chenliu_pengcheng'),
    ('wild_wolf', 'road_chenliu_yingchuan'),
    ('wild_wolf', 'road_danyang_lujiang'),
    ('wild_wolf', 'road_dongjun_dongping'),
    ('wild_wolf', 'road_dongjun_jibei'),
    ('wild_wolf', 'road_dongjun_jinan'),
    ('wild_wolf', 'road_dongping_ren'),
    ('shadow_wisp', 'road_dongping_ren'),
    ('wild_wolf', 'road_dongping_xu_wild'),
    ('wild_wolf', 'road_guandu_ye'),
    ('shadow_wisp', 'road_guandu_ye'),
    ('wild_wolf', 'road_guangling_donghai'),
    ('wild_wolf', 'road_hangu_changan'),
    ('wild_wolf', 'road_hanzhong_chengdu'),
    ('shadow_wisp', 'road_hanzhong_chengdu'),
    ('wild_wolf', 'road_hefei_shouchun'),
    ('wild_wolf', 'road_henei_ye'),
    ('wild_wolf', 'road_hongnong_hangu'),
    ('wild_wolf', 'road_ji_dai'),
    ('wild_wolf', 'road_ji_liaodong'),
    ('shadow_wisp', 'road_ji_liaodong'),
    ('wild_wolf', 'road_ji_yuyang'),
    ('wild_wolf', 'road_jiangling_changsha'),
    ('wild_wolf', 'road_jiangling_wuling'),
    ('wild_wolf', 'road_jiangling_yiling'),
    ('wild_wolf', 'road_jiangxia_chibi'),
    ('wild_wolf', 'road_jianmen_zitong'),
    ('shadow_wisp', 'road_jianmen_zitong'),
    ('wild_wolf', 'road_jianning_yunnan'),
    ('shadow_wisp', 'road_jianning_yunnan'),
    ('wild_wolf', 'road_jibei_jinan'),
    ('wild_wolf', 'road_jinan_beihai'),
    ('wild_wolf', 'road_jinan_qing_wild'),
    ('wild_wolf', 'road_jingxing_jinyang'),
    ('shadow_wisp', 'road_jingxing_jinyang'),
    ('wild_wolf', 'road_jinyang_taiyuan'),
    ('wild_wolf', 'road_jiuquan_dunhuang'),
    ('shadow_wisp', 'road_jiuquan_dunhuang'),
    ('wild_wolf', 'road_julu_guangzong'),
    ('shadow_wisp', 'road_julu_guangzong'),
    ('wild_wolf', 'road_julu_xiayang'),
    ('shadow_wisp', 'road_julu_xiayang'),
    ('wild_wolf', 'road_lu_yanzhou_wild'),
    ('wild_wolf', 'road_lujiang_ruxu'),
    ('wild_wolf', 'road_luoyang_henei'),
    ('wild_wolf', 'road_luoyang_hongnong'),
    ('wild_wolf', 'road_luoyang_xuchang'),
    ('wild_wolf', 'road_luoyang_yingchuan'),
    ('wild_wolf', 'road_panyu_hepu'),
    ('wild_wolf', 'road_panyu_jiaozhi'),
    ('shadow_wisp', 'road_panyu_jiaozhi'),
    ('wild_wolf', 'road_pei_pengcheng'),
    ('wild_wolf', 'road_pengcheng_langye'),
    ('wild_wolf', 'road_pengcheng_xiapi'),
    ('wild_wolf', 'road_runan_pei'),
    ('wild_wolf', 'road_runan_wancheng'),
    ('wild_wolf', 'road_ruxu_hefei'),
    ('wild_wolf', 'road_shangdang_jinyang'),
    ('wild_wolf', 'road_shouchun_runan'),
    ('wild_wolf', 'road_taiyuan_yanmen'),
    ('shadow_wisp', 'road_taiyuan_yanmen'),
    ('wild_wolf', 'road_tianshui_wuwei'),
    ('shadow_wisp', 'road_tianshui_wuwei'),
    ('wild_wolf', 'road_wancheng_xinye'),
    ('wild_wolf', 'road_wu_wancheng'),
    ('shadow_wisp', 'road_wu_wancheng'),
    ('wild_wolf', 'road_wuwei_zhangye'),
    ('shadow_wisp', 'road_wuwei_zhangye'),
    ('wild_wolf', 'road_xiangyang_jiangling'),
    ('wild_wolf', 'road_xiangyang_jiangxia'),
    ('wild_wolf', 'road_xiapi_donghai'),
    ('wild_wolf', 'road_xinye_xiangyang'),
    ('wild_wolf', 'road_yanmen_you_wild'),
    ('shadow_wisp', 'road_yanmen_you_wild'),
    ('wild_wolf', 'road_ye_anping'),
    ('wild_wolf', 'road_ye_changshan'),
    ('wild_wolf', 'road_ye_hejian'),
    ('wild_wolf', 'road_ye_jingxing'),
    ('shadow_wisp', 'road_ye_jingxing'),
    ('wild_wolf', 'road_ye_julu'),
    ('shadow_wisp', 'road_ye_julu'),
    ('wild_wolf', 'road_yiling_badong'),
    ('shadow_wisp', 'road_yiling_badong'),
    ('wild_wolf', 'road_yingchuan_runan'),
    ('wild_wolf', 'road_zhangye_jiuquan'),
    ('shadow_wisp', 'road_zhangye_jiuquan'),
    ('wild_wolf', 'road_zhending_ji'),
    ('wild_wolf', 'ruxu'),
    ('shadow_wisp', 'ruxu'),
    ('wild_wolf', 'wu_pass'),
    ('shadow_wisp', 'wu_pass'),
    ('wild_wolf', 'xiayang'),
    ('shadow_wisp', 'xiayang'),
    ('wild_wolf', 'xu_wild'),
    ('wild_wolf', 'yang_wild'),
    ('wild_wolf', 'yanmen_pass'),
    ('shadow_wisp', 'yanmen_pass'),
    ('wild_wolf', 'yanzhou_wild'),
    ('wild_wolf', 'yi_wild'),
    ('wild_wolf', 'yingchuan_suburb'),
    ('wild_wolf', 'you_wild'),
    ('shadow_wisp', 'you_wild'),
    ('wild_wolf', 'yu_wild'),
    ('shadow_wisp', 'yingchuan_suburb')
ON CONFLICT DO NOTHING;

